A1_Score,A2_Score,A3_Score,A4_Score,A5_Score,A6_Score,A7_Score,A8_Score,A9_Score,A10_Score,age,gender,jundice,austim,used_app_before,result,target
1.0,1.0,1.0,1.0,1.0,1.0,1.0,1.0,0.0,0.0,0.6774085835221972,0.0,0.0,0.0,0.0,0.6815229679652905,0
0.0,0.0,0.0,0.0,0.0,0.0,0.0,0.0,0.0,0.0,0.023075156382260983,0.0,0.0,0.0,0.0,0.18066383434375344,0
0.0,0.0,0.0,0.0,0.0,0.0,0.0,0.0,0.0,0.0,-0.18563982162999618,0.0,0.0,0.0,0.0,0.13535662450963995,0
1.0,1.0,1.0,1.0,1.0,1.0,0.0,1.0,1.0,1.0,0.3743314727270986,0.0,0.0,0.0,0.0,0.6752010698004542,1
1.0,1.0,0.0,1.0,1.0,1.0,1.0,1.0,0.0,0.0,0.8298409415735493,0.0,0.0,0.0,0.0,0.6567511581867335,1
0.0,0.0,0.0,0.0,0.0,0.0,0.0,0.0,1.0,0.0,-0.06474452199987216,0.0,0.0,0.0,0.0,0.3085786508743815,0
1.0,1.0,0.0,1.0,1.0,1.0,1.0,1.0,0.0,0.0,0.5317328412355827,0.0,0.0,0.0,0.0,0.5986800082000632,0
1.0,1.0,0.0,1.0,1.0,1.0,1.0,1.0,0.0,0.0,0.7378454349574283,0.0,0.0,0.0,0.0,0.6241254884446917,1
1.0,1.0,0.0,1.0,1.0,1.0,1.0,1.0,0.0,0.0,0.5970299175256998,0.0,0.0,0.0,0.0,0.617474737806108,0
0.0,0.0,0.0,0.0,0.0,1.0,0.0,0.0,1.0,0.0,0.02604300531772623,0.0,0.0,0.0,0.0,0.35686745569670364,0
1.0,0.0,1.0,1.0,1.0,1.0,0.0,1.0,1.0,1.0,0.12261552138535435,0.0,0.0,0.0,0.0,0.5256194170445317,0
1.0,0.0,1.0,0.0,1.0,1.0,0.0,1.0,1.0,1.0,-0.07791686665751892,0.0,0.0,0.0,0.0,0.4911409996615624,0
1.0,0.0,1.0,1.0,1.0,1.0,0.0,1.0,1.0,1.0,0.051798278953274636,0.0,0.0,0.0,0.0,0.6726031147556005,1
1.0,1.0,1.0,1.0,1.0,1.0,0.0,1.0,1.0,1.0,0.30303713911086644,0.0,0.0,0.0,0.0,0.8451359820526839,1
1.0,0.0,1.0,1.0,1.0,1.0,0.0,1.0,1.0,1.0,0.03861328807707606,0.0,0.0,0.0,0.0,0.7524820755181485,1
1.0,1.0,1.0,1.0,1.0,1.0,1.0,1.0,1.0,1.0,0.6872836942308672,0.0,0.0,0.0,0.0,0.8507561070828913,1
1.0,0.0,1.0,1.0,1.0,1.0,0.0,1.0,1.0,1.0,0.03861328807707606,0.0,0.0,0.0,0.0,0.7524820755181485,1
1.0,1.0,1.0,1.0,1.0,1.0,0.0,1.0,1.0,1.0,0.35437807761701884,0.0,0.0,0.0,0.0,0.6516729820592415,1
1.0,1.0,1.0,1.0,1.0,1.0,0.0,1.0,1.0,1.0,0.2971374035720214,0.0,0.0,0.0,0.0,0.7166662338373755,1
1.0,0.0,1.0,1.0,1.0,1.0,0.0,1.0,1.0,1.0,0.014426714511003174,0.0,0.0,0.0,0.0,0.6576955044735108,1
1.0,1.0,1.0,1.0,1.0,1.0,1.0,1.0,1.0,1.0,0.48010125765634043,0.0,0.0,0.0,0.0,0.8194949185793737,1
