Age,Childish diseases,accident, surgical intervention, high fevers, alcohol consumption,smoking,sitting,Season_fall,Season_spring,Season_summer,Season_nan,target
0.010109313876241921,1.0,0.0,1.0,0.1838713057219472,1.0,0.5,-0.06441090627882251,0.0,1.0,0.0,0.0,1
0.427410387760928,1.0,0.0,1.0,2.4121397324634097,0.5,0.5,-0.4235901596280325,0.0,0.0,0.0,1.0,1
0.8941841570059698,1.0,0.0,0.0,1.0,1.0,1.0,2.5009985243391863,1.0,1.0,0.0,0.0,0
-0.25236227941545797,1.0,0.0,0.0,0.3551067782005273,1.0,0.5,-0.11481955274871747,0.0,1.0,0.0,0.0,0
0.1619105236967987,1.0,1.0,0.0,1.3261151975530296,0.5,0.0,-0.07906526946047587,0.0,0.0,0.0,1.0,0
0.051171465553029205,1.0,1.0,1.0,-0.07096818868056598,0.75,0.5,0.1721116197884669,0.0,1.0,0.0,0.0,0
0.2598220024953727,1.0,1.0,1.0,1.0431660246901662,0.5,0.5,-0.007478006886136868,0.0,1.0,0.0,1.0,0
0.2187598508185863,1.0,0.0,1.0,1.2980055190926754,0.75,0.5,-0.24400053295343072,0.0,1.0,0.0,0.0,0
1.2411580657886305,1.0,1.0,0.0,-0.3148302232161626,1.0,0.5,0.8414634146341463,0.0,1.0,0.0,0.0,0
-0.37586024223180103,1.0,1.0,0.0,-0.011446416586266217,0.75,1.0,0.14288158942301865,0.0,1.0,0.0,0.0,0
0.15999999999999992,1.0,1.0,1.0,-0.049437127390060454,0.75,1.0,0.3002156227846775,0.0,1.0,0.0,0.0,0
2.2867011155333246,1.0,0.0,1.0,1.1569200403624134,1.0,0.5,0.6951219512195123,0.0,1.0,0.0,0.0,0
0.15999999999999992,1.0,0.0,1.0,1.241722448354806,0.75,0.0,-0.40974859823692067,0.0,1.0,0.0,0.0,0
-0.3179604157368513,1.0,1.0,0.0,0.09833492546914702,0.75,1.0,0.24411070886738884,0.0,1.0,0.0,0.0,0
0.3799999999999999,1.0,1.0,1.0,-1.4511914160522474,1.0,0.5,0.8414634146341463,0.0,1.0,0.0,0.0,0
0.7297393365194732,1.0,1.0,0.0,2.8376664030229106,0.25,0.0,0.09739296563371513,0.0,1.0,0.0,0.0,0
-0.16123618008006158,0.0,0.0,0.0,2.158136365525027,0.75,0.0,-0.7743678368646321,0.0,1.0,0.0,0.0,0
-1.2385960951406494,0.0,0.0,0.0,1.0,0.75,1.0,-1.1251058486819567,0.0,0.0,0.0,0.0,0
-10.534457748745785,1.0,0.0,0.0,1.0,1.0,0.0,0.23170731707317072,1.0,1.0,0.0,0.0,0
0.21999999999999997,1.0,1.0,1.0,0.5,0.5,0.5,1.060396703019849,1.0,0.0,0.0,0.0,0
