Temperature,Nausea,Lumbar,Urine,Micturition,Burning,target
0.5588196757137673,1.0,1.0,1.0,1.0,0.0,1
0.5061721565605779,1.0,1.0,1.0,1.0,0.0,1
0.7126879662233266,1.0,1.0,1.0,1.0,1.0,1
0.7267278599060542,1.0,1.0,1.0,1.0,1.0,1
0.5342519439260336,1.0,1.0,1.0,1.0,0.0,1
0.562331731291489,1.0,1.0,1.0,1.0,0.0,1
0.562331731291489,1.0,1.0,1.0,1.0,0.0,1
0.7009476903593134,1.0,1.0,1.0,1.0,1.0,1
0.6383107743906924,0.0,1.0,1.0,0.0,1.0,0
0.6993461878032813,1.0,1.0,1.0,1.0,1.0,1
0.49512082873718116,1.0,1.0,1.0,1.0,0.0,1
-0.0452186592397997,0.0,0.0,0.0,0.0,0.0,0
0.2387725915828508,1.0,1.0,0.0,1.0,0.0,0
0.5817579583098517,0.0,1.0,1.0,0.0,1.0,0
0.6565283914924156,1.0,1.0,1.0,1.0,1.0,1
0.03229091606200982,0.0,0.0,0.0,0.0,0.0,0
0.3314250996219549,1.0,1.0,0.0,1.0,0.0,0
0.612423404976445,0.0,1.0,1.0,0.0,1.0,0
0.5274205480642257,1.0,1.0,1.0,1.0,0.0,1
0.5217489900108265,0.0,1.0,1.0,0.0,1.0,0
0.13251885362719085,0.0,0.0,0.0,0.0,0.0,0
0.2389965181076997,1.0,1.0,0.0,1.0,0.0,0
0.6379175330407626,0.0,1.0,1.0,0.0,1.0,0
0.6379175330407626,0.0,1.0,1.0,0.0,1.0,0
