A1_Score,A2_Score,A3_Score,A4_Score,A5_Score,A6_Score,A7_Score,A8_Score,A9_Score,A10_Score,age,gender,jundice,austim,used_app_before,result,target
1.0,1.0,1.0,1.0,1.0,1.0,1.0,1.0,1.0,1.0,0.78724126039104,0.0,0.0,0.0,0.0,0.9450174739894512,1
1.0,1.0,1.0,1.0,1.0,1.0,0.0,1.0,1.0,1.0,0.7052360432478653,0.0,0.0,0.0,0.0,0.8240061396491893,1
1.0,1.0,1.0,1.0,1.0,1.0,0.0,1.0,1.0,1.0,0.61698818107386,0.0,0.0,0.0,0.0,0.7242165302462298,1
1.0,1.0,1.0,1.0,1.0,1.0,1.0,1.0,1.0,1.0,0.5985037751088063,0.0,0.0,0.0,0.0,0.71398824817563,1
1.0,0.0,1.0,1.0,1.0,1.0,0.0,1.0,1.0,1.0,0.6471041609252739,0.0,0.0,0.0,0.0,0.745605730463986,1
1.0,0.0,1.0,1.0,1.0,1.0,0.0,1.0,1.0,1.0,0.6471041609252739,0.0,0.0,0.0,0.0,0.745605730463986,1
1.0,1.0,1.0,1.0,1.0,1.0,0.0,1.0,1.0,1.0,0.6226905200185582,0.0,0.0,0.0,0.0,0.7322445416552034,1
1.0,1.0,1.0,1.0,1.0,1.0,0.0,1.0,1.0,1.0,0.526289735357152,0.0,0.0,0.0,0.0,0.6229754812006935,1
1.0,0.0,1.0,1.0,1.0,1.0,0.0,1.0,1.0,1.0,0.5591349111352507,0.0,0.0,0.0,0.0,0.6469932041753856,1
1.0,1.0,1.0,1.0,1.0,0.0,1.0,0.0,1.0,1.0,0.5545878962539045,0.0,0.0,0.0,0.0,0.6709228030693078,1
1.0,0.0,1.0,1.0,1.0,1.0,0.0,1.0,1.0,1.0,0.6665945635725801,0.0,0.0,0.0,0.0,0.7755441933554681,1
1.0,1.0,1.0,1.0,1.0,1.0,0.0,1.0,1.0,1.0,0.6538363494522711,0.0,0.0,0.0,0.0,0.773339833357369,1
1.0,1.0,1.0,1.0,0.0,0.0,1.0,0.0,1.0,1.0,0.5216410376980661,0.0,0.0,1.0,0.0,0.6427260813921231,0
1.0,1.0,1.0,1.0,1.0,1.0,1.0,1.0,1.0,1.0,0.682007981496878,0.0,0.0,0.0,0.0,0.8124255894413199,1
0.0,0.0,1.0,0.0,0.0,0.0,0.0,0.0,1.0,0.0,0.2893376217528258,0.0,0.0,0.0,0.0,0.35592635808037415,0
1.0,0.0,1.0,1.0,1.0,1.0,0.0,0.0,1.0,1.0,0.4657306265294993,0.0,0.0,0.0,0.0,0.5428487789826788,0
1.0,0.0,0.0,1.0,1.0,1.0,0.0,1.0,1.0,1.0,0.3785106684063691,0.0,0.0,0.0,0.0,0.41260947137526555,0
1.0,0.0,1.0,1.0,1.0,1.0,0.0,1.0,1.0,1.0,0.5137951277017446,0.0,0.0,0.0,0.0,0.5879392968923429,0
1.0,0.0,0.0,1.0,1.0,1.0,0.0,1.0,1.0,1.0,0.5516005175799619,0.0,0.0,0.0,0.0,0.6243898426989072,0
1.0,1.0,1.0,1.0,0.0,0.0,1.0,0.0,1.0,1.0,0.5037287308982249,0.0,0.0,1.0,0.0,0.6233828485975518,0
1.0,0.0,1.0,1.0,1.0,1.0,0.0,1.0,1.0,1.0,0.5436314466531315,0.0,0.0,0.0,0.0,0.6278930305176511,0
