A1_Score,A2_Score,A3_Score,A4_Score,A5_Score,A6_Score,A7_Score,A8_Score,A9_Score,A10_Score,age,gender,jundice,austim,used_app_before,result,target
1.0,1.0,1.0,1.0,1.0,1.0,1.0,1.0,1.0,1.0,0.6770320963146171,1.0,1.0,0.0,0.0,0.6586982754876066,1
1.0,1.0,1.0,1.0,1.0,1.0,1.0,1.0,1.0,1.0,0.8088784412985714,1.0,1.0,0.0,0.0,0.7325456842450782,1
1.0,0.0,1.0,0.0,1.0,1.0,1.0,1.0,1.0,1.0,0.5999266203722321,1.0,0.0,0.0,0.0,0.5970031307868167,1
1.0,1.0,1.0,0.0,1.0,1.0,1.0,1.0,1.0,1.0,0.696127486790894,1.0,1.0,0.0,0.0,0.6840280547037819,1
1.0,1.0,1.0,1.0,1.0,1.0,1.0,1.0,1.0,1.0,0.7702815480416598,1.0,1.0,0.0,0.0,0.7275187196493615,1
1.0,0.0,1.0,0.0,1.0,1.0,1.0,1.0,1.0,1.0,0.5650549204750941,1.0,0.0,0.0,0.0,0.5550454742152257,1
1.0,1.0,1.0,1.0,1.0,1.0,1.0,1.0,1.0,1.0,0.6887141693425408,1.0,1.0,0.0,0.0,0.6615106429402199,1
1.0,1.0,1.0,1.0,1.0,1.0,1.0,1.0,1.0,1.0,0.7614460615738577,1.0,1.0,0.0,0.0,0.7325384537374234,1
1.0,0.0,1.0,0.0,1.0,0.0,1.0,1.0,0.0,1.0,0.5132841175803601,1.0,0.0,0.0,0.0,0.5444723779967398,0
1.0,1.0,1.0,1.0,1.0,1.0,1.0,1.0,1.0,1.0,0.705618036568741,1.0,1.0,0.0,0.0,0.6923970185382047,1
1.0,1.0,1.0,1.0,1.0,1.0,1.0,1.0,1.0,1.0,0.7778066113705829,1.0,1.0,0.0,0.0,0.7096703499929459,0
1.0,1.0,1.0,1.0,1.0,1.0,1.0,1.0,1.0,1.0,0.6487911869857517,1.0,0.0,0.0,0.0,0.6228140965476116,1
1.0,1.0,1.0,1.0,1.0,1.0,1.0,1.0,1.0,0.0,0.7219031275534116,0.0,1.0,0.0,0.0,0.6465156518422499,1
1.0,0.0,1.0,0.0,1.0,0.0,1.0,1.0,0.0,1.0,0.4574003291861129,1.0,0.0,0.0,0.0,0.4921120099699982,0
0.0,1.0,1.0,1.0,0.0,1.0,1.0,0.0,1.0,0.0,0.9356288346145827,0.0,1.0,0.0,0.0,0.7676602909572334,0
0.0,1.0,1.0,1.0,0.0,1.0,1.0,0.0,1.0,0.0,1.0427478582500447,0.0,1.0,0.0,0.0,0.8631825116843707,0
1.0,0.0,1.0,0.0,1.0,0.0,1.0,1.0,0.0,1.0,0.5269960003456567,1.0,0.0,0.0,0.0,0.5665441084981164,0
1.0,1.0,1.0,0.0,1.0,1.0,1.0,1.0,1.0,1.0,0.576824553926651,1.0,0.0,0.0,0.0,0.5458886364619815,1
1.0,1.0,1.0,1.0,1.0,1.0,1.0,1.0,1.0,1.0,0.7548007383012155,1.0,1.0,0.0,0.0,0.6864475391200009,0
1.0,1.0,1.0,1.0,1.0,1.0,1.0,1.0,1.0,1.0,0.7985809598717231,1.0,1.0,0.0,0.0,0.7716026200415689,0
